{
  "Authenticate user" : {
    "transaction" : "Authenticate user",
    "sampleCount" : 1,
    "errorCount" : 0,
    "errorPct" : 0.0,
    "meanResTime" : 64.0,
    "medianResTime" : 64.0,
    "minResTime" : 64.0,
    "maxResTime" : 64.0,
    "pct1ResTime" : 64.0,
    "pct2ResTime" : 64.0,
    "pct3ResTime" : 64.0,
    "throughput" : 15.625,
    "receivedKBytesPerSec" : 7.415771484375,
    "sentKBytesPerSec" : 4.5013427734375
  },
  "Create new user" : {
    "transaction" : "Create new user",
    "sampleCount" : 13001,
    "errorCount" : 0,
    "errorPct" : 0.0,
    "meanResTime" : 261.4410429966925,
    "medianResTime" : 252.0,
    "minResTime" : 53.0,
    "maxResTime" : 1020.0,
    "pct1ResTime" : 372.0,
    "pct2ResTime" : 404.0,
    "pct3ResTime" : 467.97999999999956,
    "throughput" : 10.71627867105286,
    "receivedKBytesPerSec" : 27.491630032348308,
    "sentKBytesPerSec" : 30.352142802388062
  },
  "Search existing user" : {
    "transaction" : "Search existing user",
    "sampleCount" : 12697,
    "errorCount" : 0,
    "errorPct" : 0.0,
    "meanResTime" : 205.48263369299798,
    "medianResTime" : 194.0,
    "minResTime" : 89.0,
    "maxResTime" : 841.0,
    "pct1ResTime" : 296.0,
    "pct2ResTime" : 327.0,
    "pct3ResTime" : 381.0,
    "throughput" : 10.581926799102574,
    "receivedKBytesPerSec" : 25.86797494465053,
    "sentKBytesPerSec" : 6.574287741504122
  },
  "Update existing user" : {
    "transaction" : "Update existing user",
    "sampleCount" : 12696,
    "errorCount" : 0,
    "errorPct" : 0.0,
    "meanResTime" : 320.7740233144298,
    "medianResTime" : 322.0,
    "minResTime" : 56.0,
    "maxResTime" : 1158.0,
    "pct1ResTime" : 471.3000000000011,
    "pct2ResTime" : 505.0,
    "pct3ResTime" : 563.0300000000007,
    "throughput" : 10.580872922016066,
    "receivedKBytesPerSec" : 25.758541095265358,
    "sentKBytesPerSec" : 9.402924178744746
  },
  "Total" : {
    "transaction" : "Total",
    "sampleCount" : 76474,
    "errorCount" : 0,
    "errorPct" : 0.0,
    "meanResTime" : 156.75064727881636,
    "medianResTime" : 127.0,
    "minResTime" : 5.0,
    "maxResTime" : 1158.0,
    "pct1ResTime" : 347.0,
    "pct2ResTime" : 405.0,
    "pct3ResTime" : 492.0,
    "throughput" : 63.02855875970373,
    "receivedKBytesPerSec" : 138.8142799516287,
    "sentKBytesPerSec" : 63.14926049808047
  },
  "Delete existing user" : {
    "transaction" : "Delete existing user",
    "sampleCount" : 12691,
    "errorCount" : 0,
    "errorPct" : 0.0,
    "meanResTime" : 92.00724923173887,
    "medianResTime" : 87.0,
    "minResTime" : 20.0,
    "maxResTime" : 937.0,
    "pct1ResTime" : 147.0,
    "pct2ResTime" : 169.0,
    "pct3ResTime" : 221.0,
    "throughput" : 10.581256227149748,
    "receivedKBytesPerSec" : 10.265355395681954,
    "sentKBytesPerSec" : 6.406619981282073
  },
  "Read existing user" : {
    "transaction" : "Read existing user",
    "sampleCount" : 25388,
    "errorCount" : 0,
    "errorPct" : 0.0,
    "meanResTime" : 29.110839766819012,
    "medianResTime" : 23.0,
    "minResTime" : 5.0,
    "maxResTime" : 520.0,
    "pct1ResTime" : 52.0,
    "pct2ResTime" : 61.0,
    "pct3ResTime" : 83.0,
    "throughput" : 21.161375072620327,
    "receivedKBytesPerSec" : 50.69047540812206,
    "sentKBytesPerSec" : 10.787400196543732
  }
}