{
  "Authenticate user" : {
    "transaction" : "Authenticate user",
    "sampleCount" : 1,
    "errorCount" : 0,
    "errorPct" : 0.0,
    "meanResTime" : 37.0,
    "medianResTime" : 37.0,
    "minResTime" : 37.0,
    "maxResTime" : 37.0,
    "pct1ResTime" : 37.0,
    "pct2ResTime" : 37.0,
    "pct3ResTime" : 37.0,
    "throughput" : 27.027027027027028,
    "receivedKBytesPerSec" : 12.959248310810812,
    "sentKBytesPerSec" : 7.759712837837839
  },
  "Create new user" : {
    "transaction" : "Create new user",
    "sampleCount" : 60259,
    "errorCount" : 0,
    "errorPct" : 0.0,
    "meanResTime" : 52.17338488856454,
    "medianResTime" : 58.0,
    "minResTime" : 17.0,
    "maxResTime" : 192.0,
    "pct1ResTime" : 67.0,
    "pct2ResTime" : 69.0,
    "pct3ResTime" : 74.0,
    "throughput" : 49.79181453935197,
    "receivedKBytesPerSec" : 128.03199417057988,
    "sentKBytesPerSec" : 140.9823160428505
  },
  "Search existing user" : {
    "transaction" : "Search existing user",
    "sampleCount" : 59955,
    "errorCount" : 0,
    "errorPct" : 0.0,
    "meanResTime" : 45.86683345842695,
    "medianResTime" : 46.0,
    "minResTime" : 29.0,
    "maxResTime" : 136.0,
    "pct1ResTime" : 52.0,
    "pct2ResTime" : 53.0,
    "pct3ResTime" : 58.0,
    "throughput" : 49.965581210841336,
    "receivedKBytesPerSec" : 122.22111037342096,
    "sentKBytesPerSec" : 30.994539096838057
  },
  "Update existing user" : {
    "transaction" : "Update existing user",
    "sampleCount" : 59955,
    "errorCount" : 0,
    "errorPct" : 0.0,
    "meanResTime" : 71.77699941622859,
    "medianResTime" : 84.0,
    "minResTime" : 19.0,
    "maxResTime" : 211.0,
    "pct1ResTime" : 96.0,
    "pct2ResTime" : 99.0,
    "pct3ResTime" : 106.0,
    "throughput" : 49.96683045863975,
    "receivedKBytesPerSec" : 121.69640965237821,
    "sentKBytesPerSec" : 44.355321178616734
  },
  "Total" : {
    "transaction" : "Total",
    "sampleCount" : 360024,
    "errorCount" : 0,
    "errorPct" : 0.0,
    "meanResTime" : 33.08119736462082,
    "medianResTime" : 28.0,
    "minResTime" : 2.0,
    "maxResTime" : 211.0,
    "pct1ResTime" : 72.0,
    "pct2ResTime" : 89.0,
    "pct3ResTime" : 98.0,
    "throughput" : 297.4728883931338,
    "receivedKBytesPerSec" : 655.5991907185349,
    "sentKBytesPerSec" : 296.0301337441387
  },
  "Delete existing user" : {
    "transaction" : "Delete existing user",
    "sampleCount" : 59949,
    "errorCount" : 0,
    "errorPct" : 0.0,
    "meanResTime" : 18.04407079350764,
    "medianResTime" : 18.0,
    "minResTime" : 8.0,
    "maxResTime" : 127.0,
    "pct1ResTime" : 22.0,
    "pct2ResTime" : 23.0,
    "pct3ResTime" : 27.0,
    "throughput" : 49.968534718083575,
    "receivedKBytesPerSec" : 48.476427867404055,
    "sentKBytesPerSec" : 30.20558885790404
  },
  "Read existing user" : {
    "transaction" : "Read existing user",
    "sampleCount" : 119905,
    "errorCount" : 0,
    "errorPct" : 0.0,
    "meanResTime" : 5.2625995579834335,
    "medianResTime" : 5.0,
    "minResTime" : 2.0,
    "maxResTime" : 114.0,
    "pct1ResTime" : 7.0,
    "pct2ResTime" : 7.0,
    "pct3ResTime" : 8.0,
    "throughput" : 99.92999358274508,
    "receivedKBytesPerSec" : 239.74688402426472,
    "sentKBytesPerSec" : 50.84339192681204
  }
}