{
  "Authenticate user" : {
    "transaction" : "Authenticate user",
    "sampleCount" : 1,
    "errorCount" : 0,
    "errorPct" : 0.0,
    "meanResTime" : 59.0,
    "medianResTime" : 59.0,
    "minResTime" : 59.0,
    "maxResTime" : 59.0,
    "pct1ResTime" : 59.0,
    "pct2ResTime" : 59.0,
    "pct3ResTime" : 59.0,
    "throughput" : 16.949152542372882,
    "receivedKBytesPerSec" : 8.044226694915254,
    "sentKBytesPerSec" : 4.8828125
  },
  "Create new user" : {
    "transaction" : "Create new user",
    "sampleCount" : 5500,
    "errorCount" : 0,
    "errorPct" : 0.0,
    "meanResTime" : 171.71363636363662,
    "medianResTime" : 77.0,
    "minResTime" : 39.0,
    "maxResTime" : 1630.0,
    "pct1ResTime" : 403.90000000000055,
    "pct2ResTime" : 595.0,
    "pct3ResTime" : 1155.9899999999998,
    "throughput" : 4.542068639741284,
    "receivedKBytesPerSec" : 11.651765778217394,
    "sentKBytesPerSec" : 12.864173901975551
  },
  "Search existing user" : {
    "transaction" : "Search existing user",
    "sampleCount" : 5199,
    "errorCount" : 0,
    "errorPct" : 0.0,
    "meanResTime" : 1795.454702827466,
    "medianResTime" : 1847.0,
    "minResTime" : 498.0,
    "maxResTime" : 3364.0,
    "pct1ResTime" : 2163.0,
    "pct2ResTime" : 2293.0,
    "pct3ResTime" : 2786.0,
    "throughput" : 4.330948076939097,
    "receivedKBytesPerSec" : 10.579905156381463,
    "sentKBytesPerSec" : 2.6907578169905784
  },
  "Update existing user" : {
    "transaction" : "Update existing user",
    "sampleCount" : 5193,
    "errorCount" : 0,
    "errorPct" : 0.0,
    "meanResTime" : 215.52917388792616,
    "medianResTime" : 91.0,
    "minResTime" : 51.0,
    "maxResTime" : 3148.0,
    "pct1ResTime" : 369.0,
    "pct2ResTime" : 547.3000000000002,
    "pct3ResTime" : 2273.120000000001,
    "throughput" : 4.3294554707209425,
    "receivedKBytesPerSec" : 10.536739888453784,
    "sentKBytesPerSec" : 3.847465310894587
  },
  "Total" : {
    "transaction" : "Total",
    "sampleCount" : 31469,
    "errorCount" : 0,
    "errorPct" : 0.0,
    "meanResTime" : 380.26165432647986,
    "medianResTime" : 63.0,
    "minResTime" : 6.0,
    "maxResTime" : 3364.0,
    "pct1ResTime" : 1772.0,
    "pct2ResTime" : 1965.0,
    "pct3ResTime" : 2167.0,
    "throughput" : 25.977531651577976,
    "receivedKBytesPerSec" : 57.249616086346464,
    "sentKBytesPerSec" : 26.299803169522608
  },
  "Delete existing user" : {
    "transaction" : "Delete existing user",
    "sampleCount" : 5191,
    "errorCount" : 0,
    "errorPct" : 0.0,
    "meanResTime" : 66.1277210556735,
    "medianResTime" : 34.0,
    "minResTime" : 20.0,
    "maxResTime" : 508.0,
    "pct1ResTime" : 160.0,
    "pct2ResTime" : 235.0,
    "pct3ResTime" : 356.0,
    "throughput" : 4.3284628745296105,
    "receivedKBytesPerSec" : 4.1992909781233765,
    "sentKBytesPerSec" : 2.6207490060628498
  },
  "Read existing user" : {
    "transaction" : "Read existing user",
    "sampleCount" : 10385,
    "errorCount" : 0,
    "errorPct" : 0.0,
    "meanResTime" : 21.65517573423209,
    "medianResTime" : 12.0,
    "minResTime" : 6.0,
    "maxResTime" : 371.0,
    "pct1ResTime" : 51.0,
    "pct2ResTime" : 79.0,
    "pct3ResTime" : 123.0,
    "throughput" : 8.658257693426812,
    "receivedKBytesPerSec" : 20.732515026110253,
    "sentKBytesPerSec" : 4.413691914742215
  }
}