{
  "Authenticate user" : {
    "transaction" : "Authenticate user",
    "sampleCount" : 1,
    "errorCount" : 0,
    "errorPct" : 0.0,
    "meanResTime" : 62.0,
    "medianResTime" : 62.0,
    "minResTime" : 62.0,
    "maxResTime" : 62.0,
    "pct1ResTime" : 62.0,
    "pct2ResTime" : 62.0,
    "pct3ResTime" : 62.0,
    "throughput" : 16.129032258064516,
    "receivedKBytesPerSec" : 7.654989919354839,
    "sentKBytesPerSec" : 4.646547379032258
  },
  "Create new user" : {
    "transaction" : "Create new user",
    "sampleCount" : 5969,
    "errorCount" : 0,
    "errorPct" : 0.0,
    "meanResTime" : 97.50259674987437,
    "medianResTime" : 63.0,
    "minResTime" : 37.0,
    "maxResTime" : 916.0,
    "pct1ResTime" : 198.0,
    "pct2ResTime" : 313.0,
    "pct3ResTime" : 546.3000000000002,
    "throughput" : 4.930482590911193,
    "receivedKBytesPerSec" : 12.041621777922606,
    "sentKBytesPerSec" : 13.964329426696137
  },
  "Search existing user" : {
    "transaction" : "Search existing user",
    "sampleCount" : 5669,
    "errorCount" : 0,
    "errorPct" : 0.0,
    "meanResTime" : 1835.992591285944,
    "medianResTime" : 1876.0,
    "minResTime" : 447.0,
    "maxResTime" : 2627.0,
    "pct1ResTime" : 2125.0,
    "pct2ResTime" : 2190.5,
    "pct3ResTime" : 2309.6000000000004,
    "throughput" : 4.720669437391799,
    "receivedKBytesPerSec" : 10.953638922654385,
    "sentKBytesPerSec" : 2.9328890669745498
  },
  "Update existing user" : {
    "transaction" : "Update existing user",
    "sampleCount" : 5659,
    "errorCount" : 0,
    "errorPct" : 0.0,
    "meanResTime" : 89.54020144901955,
    "medianResTime" : 66.0,
    "minResTime" : 37.0,
    "maxResTime" : 768.0,
    "pct1ResTime" : 159.0,
    "pct2ResTime" : 245.0,
    "pct3ResTime" : 408.39999999999964,
    "throughput" : 4.7190501525206345,
    "receivedKBytesPerSec" : 10.906013367341238,
    "sentKBytesPerSec" : 4.193687147259548
  },
  "Total" : {
    "transaction" : "Total",
    "sampleCount" : 34275,
    "errorCount" : 0,
    "errorPct" : 0.0,
    "meanResTime" : 349.1572283005123,
    "medianResTime" : 47.0,
    "minResTime" : 5.0,
    "maxResTime" : 2627.0,
    "pct1ResTime" : 1830.0,
    "pct2ResTime" : 1984.0,
    "pct3ResTime" : 2163.9900000000016,
    "throughput" : 28.286214400839796,
    "receivedKBytesPerSec" : 59.43039254704672,
    "sentKBytesPerSec" : 28.598081165394095
  },
  "Delete existing user" : {
    "transaction" : "Delete existing user",
    "sampleCount" : 5659,
    "errorCount" : 0,
    "errorPct" : 0.0,
    "meanResTime" : 49.76515285386107,
    "medianResTime" : 29.0,
    "minResTime" : 18.0,
    "maxResTime" : 828.0,
    "pct1ResTime" : 105.0,
    "pct2ResTime" : 167.0,
    "pct3ResTime" : 319.7999999999993,
    "throughput" : 4.719585403729298,
    "receivedKBytesPerSec" : 4.578718205973749,
    "sentKBytesPerSec" : 2.8575614749142235
  },
  "Read existing user" : {
    "transaction" : "Read existing user",
    "sampleCount" : 11318,
    "errorCount" : 0,
    "errorPct" : 0.0,
    "meanResTime" : 16.675914472521573,
    "medianResTime" : 10.0,
    "minResTime" : 5.0,
    "maxResTime" : 360.0,
    "pct1ResTime" : 32.0,
    "pct2ResTime" : 57.0,
    "pct3ResTime" : 116.0,
    "throughput" : 9.437895677814023,
    "receivedKBytesPerSec" : 21.440912884013866,
    "sentKBytesPerSec" : 4.811114788885664
  }
}