{
  "Authenticate user" : {
    "transaction" : "Authenticate user",
    "sampleCount" : 1,
    "errorCount" : 0,
    "errorPct" : 0.0,
    "meanResTime" : 57.0,
    "medianResTime" : 57.0,
    "minResTime" : 57.0,
    "maxResTime" : 57.0,
    "pct1ResTime" : 57.0,
    "pct2ResTime" : 57.0,
    "pct3ResTime" : 57.0,
    "throughput" : 17.543859649122805,
    "receivedKBytesPerSec" : 8.377878289473683,
    "sentKBytesPerSec" : 5.054139254385965
  },
  "Create new user" : {
    "transaction" : "Create new user",
    "sampleCount" : 9032,
    "errorCount" : 0,
    "errorPct" : 0.0,
    "meanResTime" : 524.8404561558914,
    "medianResTime" : 518.0,
    "minResTime" : 160.0,
    "maxResTime" : 2344.0,
    "pct1ResTime" : 622.0,
    "pct2ResTime" : 669.0,
    "pct3ResTime" : 823.0,
    "throughput" : 7.37912716821093,
    "receivedKBytesPerSec" : 18.022248059220928,
    "sentKBytesPerSec" : 20.899932510847695
  },
  "Search existing user" : {
    "transaction" : "Search existing user",
    "sampleCount" : 8732,
    "errorCount" : 0,
    "errorPct" : 0.0,
    "meanResTime" : 55.91262024736597,
    "medianResTime" : 54.0,
    "minResTime" : 11.0,
    "maxResTime" : 286.0,
    "pct1ResTime" : 77.0,
    "pct2ResTime" : 90.0,
    "pct3ResTime" : 144.0,
    "throughput" : 7.277643083780408,
    "receivedKBytesPerSec" : 16.886905145450765,
    "sentKBytesPerSec" : 4.521537629215254
  },
  "Update existing user" : {
    "transaction" : "Update existing user",
    "sampleCount" : 8731,
    "errorCount" : 0,
    "errorPct" : 0.0,
    "meanResTime" : 260.55617913182965,
    "medianResTime" : 260.0,
    "minResTime" : 84.0,
    "maxResTime" : 771.0,
    "pct1ResTime" : 311.0,
    "pct2ResTime" : 339.0,
    "pct3ResTime" : 436.0,
    "throughput" : 7.278241218136333,
    "receivedKBytesPerSec" : 16.81689496962745,
    "sentKBytesPerSec" : 6.4679682700234995
  },
  "Total" : {
    "transaction" : "Total",
    "sampleCount" : 52686,
    "errorCount" : 0,
    "errorPct" : 0.0,
    "meanResTime" : 229.7862430247122,
    "medianResTime" : 112.0,
    "minResTime" : 4.0,
    "maxResTime" : 2344.0,
    "pct1ResTime" : 518.0,
    "pct2ResTime" : 553.0,
    "pct3ResTime" : 615.0,
    "throughput" : 43.03546836175082,
    "receivedKBytesPerSec" : 93.60517393205694,
    "sentKBytesPerSec" : 43.252712249774554
  },
  "Delete existing user" : {
    "transaction" : "Delete existing user",
    "sampleCount" : 8729,
    "errorCount" : 0,
    "errorPct" : 0.0,
    "meanResTime" : 451.2956810631224,
    "medianResTime" : 450.0,
    "minResTime" : 152.0,
    "maxResTime" : 2115.0,
    "pct1ResTime" : 538.0,
    "pct2ResTime" : 575.0,
    "pct3ResTime" : 730.0,
    "throughput" : 7.277326239142161,
    "receivedKBytesPerSec" : 10.365156129765506,
    "sentKBytesPerSec" : 4.406193621355605
  },
  "Read existing user" : {
    "transaction" : "Read existing user",
    "sampleCount" : 17461,
    "errorCount" : 0,
    "errorPct" : 0.0,
    "meanResTime" : 38.00452436859264,
    "medianResTime" : 39.0,
    "minResTime" : 4.0,
    "maxResTime" : 563.0,
    "pct1ResTime" : 55.0,
    "pct2ResTime" : 61.0,
    "pct3ResTime" : 79.0,
    "throughput" : 14.555830835253436,
    "receivedKBytesPerSec" : 33.06820725897141,
    "sentKBytesPerSec" : 7.420091510064289
  }
}