{
  "Authenticate user" : {
    "transaction" : "Authenticate user",
    "sampleCount" : 1,
    "errorCount" : 0,
    "errorPct" : 0.0,
    "meanResTime" : 55.0,
    "medianResTime" : 55.0,
    "minResTime" : 55.0,
    "maxResTime" : 55.0,
    "pct1ResTime" : 55.0,
    "pct2ResTime" : 55.0,
    "pct3ResTime" : 55.0,
    "throughput" : 18.18181818181818,
    "receivedKBytesPerSec" : 8.629261363636363,
    "sentKBytesPerSec" : 5.237926136363637
  },
  "Create new user" : {
    "transaction" : "Create new user",
    "sampleCount" : 5822,
    "errorCount" : 0,
    "errorPct" : 0.0,
    "meanResTime" : 132.29491583648192,
    "medianResTime" : 75.0,
    "minResTime" : 42.0,
    "maxResTime" : 993.0,
    "pct1ResTime" : 318.6999999999998,
    "pct2ResTime" : 427.0,
    "pct3ResTime" : 631.7699999999995,
    "throughput" : 4.808033760292017,
    "receivedKBytesPerSec" : 12.334100750532665,
    "sentKBytesPerSec" : 13.61749544756336
  },
  "Search existing user" : {
    "transaction" : "Search existing user",
    "sampleCount" : 5522,
    "errorCount" : 0,
    "errorPct" : 0.0,
    "meanResTime" : 1783.8685258964126,
    "medianResTime" : 1849.0,
    "minResTime" : 450.0,
    "maxResTime" : 2614.0,
    "pct1ResTime" : 2148.7,
    "pct2ResTime" : 2216.0,
    "pct3ResTime" : 2353.7699999999995,
    "throughput" : 4.598466900115336,
    "receivedKBytesPerSec" : 11.238944704361964,
    "sentKBytesPerSec" : 2.856942708094784
  },
  "Update existing user" : {
    "transaction" : "Update existing user",
    "sampleCount" : 5513,
    "errorCount" : 0,
    "errorPct" : 0.0,
    "meanResTime" : 136.864502085979,
    "medianResTime" : 91.0,
    "minResTime" : 50.0,
    "maxResTime" : 935.0,
    "pct1ResTime" : 293.60000000000036,
    "pct2ResTime" : 394.3000000000002,
    "pct3ResTime" : 551.579999999999,
    "throughput" : 4.5962004853814475,
    "receivedKBytesPerSec" : 11.190531237155774,
    "sentKBytesPerSec" : 4.084514103219841
  },
  "Total" : {
    "transaction" : "Total",
    "sampleCount" : 33395,
    "errorCount" : 0,
    "errorPct" : 0.0,
    "meanResTime" : 358.4838448869615,
    "medianResTime" : 61.0,
    "minResTime" : 6.0,
    "maxResTime" : 2614.0,
    "pct1ResTime" : 1802.0,
    "pct2ResTime" : 1987.0,
    "pct3ResTime" : 2191.9900000000016,
    "throughput" : 27.554630696163887,
    "receivedKBytesPerSec" : 60.73550827907532,
    "sentKBytesPerSec" : 27.869876032267264
  },
  "Delete existing user" : {
    "transaction" : "Delete existing user",
    "sampleCount" : 5512,
    "errorCount" : 0,
    "errorPct" : 0.0,
    "meanResTime" : 64.55351959361396,
    "medianResTime" : 33.0,
    "minResTime" : 20.0,
    "maxResTime" : 757.0,
    "pct1ResTime" : 153.0,
    "pct2ResTime" : 230.34999999999945,
    "pct3ResTime" : 369.7399999999998,
    "throughput" : 4.596834589011964,
    "receivedKBytesPerSec" : 4.459658166199088,
    "sentKBytesPerSec" : 2.7832396925658376
  },
  "Read existing user" : {
    "transaction" : "Read existing user",
    "sampleCount" : 11025,
    "errorCount" : 0,
    "errorPct" : 0.0,
    "meanResTime" : 21.806530612245002,
    "medianResTime" : 12.0,
    "minResTime" : 6.0,
    "maxResTime" : 420.0,
    "pct1ResTime" : 51.0,
    "pct2ResTime" : 80.69999999999891,
    "pct3ResTime" : 128.0,
    "throughput" : 9.191965763366703,
    "receivedKBytesPerSec" : 22.016298465212685,
    "sentKBytesPerSec" : 4.685757942713002
  }
}